book_name,character,character_firstname
Category:Baptism of Fire characters,Adalia,Adalia
Category:Baptism of Fire characters,Adela,Adela
Category:Baptism of Fire characters,Aen Saevherne,Aen
Category:Baptism of Fire characters,Aevenien,Aevenien
Category:Baptism of Fire characters,Aglaïs,Aglaïs
Category:Baptism of Fire characters,Albrich,Albrich
Category:Baptism of Fire characters,Amavet,Amavet
Category:Baptism of Fire characters,Angus Bri Cri,Angus
Category:Baptism of Fire characters,Anna Kameny,Anna
Category:Baptism of Fire characters,Anzelm Aubry,Anzelm
Category:Baptism of Fire characters,Artaud Terranova,Artaud
Category:Baptism of Fire characters,Asse,Asse
Category:Baptism of Fire characters,Assire var Anahid,Assire
Category:Baptism of Fire characters,Aubry ,Aubry
Category:Baptism of Fire characters,Augusta Wagner,Augusta
Category:Baptism of Fire characters,Baron of Casadei,Baron
Category:Baptism of Fire characters,Beatrix of Kovir,Beatrix
Category:Baptism of Fire characters,Bronik,Bronik
Category:Baptism of Fire characters,Brouver Hoog,Brouver
Category:Baptism of Fire characters,Cahir Mawr Dyffryn aep Ceallach,Cahir
Category:Baptism of Fire characters,Calanthe,Calanthe
Category:Baptism of Fire characters,Caleb Stratton,Caleb
Category:Baptism of Fire characters,Carduin,Carduin
Category:Baptism of Fire characters,Ceallach aep Gruffyd,Ceallach
Category:Baptism of Fire characters,Cerro,Cerro
Category:Baptism of Fire characters,Ciaran aep Dearbh,Ciaran
Category:Baptism of Fire characters,Ciri,Ciri
Category:Baptism of Fire characters,Cirilla Fiona ,Cirilla
Category:Baptism of Fire characters,Codringher,Codringher
Category:Baptism of Fire characters,Coinneach Dá Reo,Coinneach
Category:Baptism of Fire characters,Connor,Connor
Category:Baptism of Fire characters,Coram I,Coram
Category:Baptism of Fire characters,Coram II,Coram
Category:Baptism of Fire characters,Corbett,Corbett
Category:Baptism of Fire characters,Cosmo Baldenvegg,Cosmo
Category:Baptism of Fire characters,Count Lanier,Count
Category:Baptism of Fire characters,Cregennan of Lod,Cregennan
Category:Baptism of Fire characters,Crispin,Crispin
Category:Baptism of Fire characters,Dagorad,Dagorad
Category:Baptism of Fire characters,Dandelion,Dandelion
Category:Baptism of Fire characters,Daniel Etcheverry,Daniel
Category:Baptism of Fire characters,Demavend III,Demavend
Category:Baptism of Fire characters,Echel Traighlethan,Echel
Category:Baptism of Fire characters,Effenberg,Effenberg
Category:Baptism of Fire characters,Eithné,Eithné
Category:Baptism of Fire characters,Elan Trahe,Elan
Category:Baptism of Fire characters,Elen of Kaedwen,Elen
Category:Baptism of Fire characters,Emhyr var Emreis,Emhyr
Category:Baptism of Fire characters,Emiel Regis Rohellec Terzieff-Godefroy,Emiel
Category:Baptism of Fire characters,Ethain,Ethain
Category:Baptism of Fire characters,Falka,Falka
Category:Baptism of Fire characters,Falka ,Falka
Category:Baptism of Fire characters,Fauve,Fauve
Category:Baptism of Fire characters,Field Marshal Windbag,Field
Category:Baptism of Fire characters,Figgis Merluzzo,Figgis
Category:Baptism of Fire characters,Fiona,Fiona
Category:Baptism of Fire characters,Flourens Delannoy,Flourens
Category:Baptism of Fire characters,Francesca Findabair,Francesca
Category:Baptism of Fire characters,Fringilla Vigo,Fringilla
Category:Baptism of Fire characters,Geralt of Rivia,Geralt
Category:Baptism of Fire characters,Gerhart of Aelle,Gerhart
Category:Baptism of Fire characters,Giselher,Giselher
Category:Baptism of Fire characters,Goidemar,Goidemar
Category:Baptism of Fire characters,Havekar,Havekar
Category:Baptism of Fire characters,Hector Laabs,Hector
Category:Baptism of Fire characters,Hedwig of Malleore,Hedwig
Category:Baptism of Fire characters,Henselt,Henselt
Category:Baptism of Fire characters,Houtborg triplets,Houtborg
Category:Baptism of Fire characters,Ida Emean aep Sivney,Ida
Category:Baptism of Fire characters,Iorweth,Iorweth
Category:Baptism of Fire characters,Isengrim Faoiltiarna,Isengrim
Category:Baptism of Fire characters,Iskra,Iskra
Category:Baptism of Fire characters,Istredd,Istredd
Category:Baptism of Fire characters,Ithlinne,Ithlinne
Category:Baptism of Fire characters,Jacob Fenn,Jacob
Category:Baptism of Fire characters,Jan Lennep,Jan
Category:Baptism of Fire characters,Jan Struycken,Jan
Category:Baptism of Fire characters,Jolie Lanier,Jolie
Category:Baptism of Fire characters,Kayleigh,Kayleigh
Category:Baptism of Fire characters,Keira Metz,Keira
Category:Baptism of Fire characters,Kolda,Kolda
Category:Baptism of Fire characters,Lara Dorren,Lara
Category:Baptism of Fire characters,Leo Bonhart,Leo
Category:Baptism of Fire characters,Leticia Charbonneau,Leticia
Category:Baptism of Fire characters,Lucretia Vigo,Lucretia
Category:Baptism of Fire characters,Margarita Laux-Antille,Margarita
Category:Baptism of Fire characters,Merlin,Merlin
Category:Baptism of Fire characters,Meve,Meve
Category:Baptism of Fire characters,Milenka,Milenka
Category:Baptism of Fire characters,Millet,Millet
Category:Baptism of Fire characters,Milva,Milva
Category:Baptism of Fire characters,Mistle,Mistle
Category:Baptism of Fire characters,Morteisen,Morteisen
Category:Baptism of Fire characters,Munro Bruys,Munro
Category:Baptism of Fire characters,Muriel,Muriel
Category:Baptism of Fire characters,Mykitka,Mykitka
Category:Baptism of Fire characters,Nazarian,Nazarian
Category:Baptism of Fire characters,Nimue verch Wledyr ap Gwyn,Nimue
Category:Baptism of Fire characters,Ori Reuven,Ori
Category:Baptism of Fire characters,Orla,Orla
Category:Baptism of Fire characters,Papebrock,Papebrock
Category:Baptism of Fire characters,Percival Schuttenbach,Percival
Category:Baptism of Fire characters,Philippa Eilhart,Philippa
Category:Baptism of Fire characters,Pinto,Pinto
Category:Baptism of Fire characters,Radovid V,Radovid
Category:Baptism of Fire characters,Reef,Reef
Category:Baptism of Fire characters,Reynard Odo,Reynard
Category:Baptism of Fire characters,Riannon,Riannon
Category:Baptism of Fire characters,Rience,Rience
Category:Baptism of Fire characters,Riordain,Riordain
Category:Baptism of Fire characters,Roach,Roach
Category:Baptism of Fire characters,Robert of Garramone,Robert
Category:Baptism of Fire characters,Roger Kameny,Roger
Category:Baptism of Fire characters,Sabrina Glevissig,Sabrina
Category:Baptism of Fire characters,Schirrú,Schirrú
Category:Baptism of Fire characters,Servadio,Servadio
Category:Baptism of Fire characters,Sheala de Tancarville,Sheala
Category:Baptism of Fire characters,Shilard Fitz-Oesterlen,Shilard
Category:Baptism of Fire characters,Sievers,Sievers
Category:Baptism of Fire characters,Sigismund Dijkstra,Sigismund
Category:Baptism of Fire characters,Silvester Bugiardo,Silvester
Category:Baptism of Fire characters,Simlas Finn aep Dabairr,Simlas
Category:Baptism of Fire characters,Sirssa,Sirssa
Category:Baptism of Fire characters,Stefan Skellen,Stefan
Category:Baptism of Fire characters,Stella Congreve,Stella
Category:Baptism of Fire characters,Stribog,Stribog
Category:Baptism of Fire characters,Stucco Zangenis,Stucco
Category:Baptism of Fire characters,Talbot,Talbot
Category:Baptism of Fire characters,Tissaia de Vries,Tissaia
Category:Baptism of Fire characters,Toruviel,Toruviel
Category:Baptism of Fire characters,Triss Merigold,Triss
Category:Baptism of Fire characters,Tugdual,Tugdual
Category:Baptism of Fire characters,Tuzik,Tuzik
Category:Baptism of Fire characters,Vanadain,Vanadain
Category:Baptism of Fire characters,Vascoigne,Vascoigne
Category:Baptism of Fire characters,Vattier de Rideaux,Vattier
Category:Baptism of Fire characters,Vera Loewenhaupt,Vera
Category:Baptism of Fire characters,Vilgefortz,Vilgefortz
Category:Baptism of Fire characters,Vissegerd,Vissegerd
Category:Baptism of Fire characters,Vizimir II,Vizimir
Category:Baptism of Fire characters,Vreemde,Vreemde
Category:Baptism of Fire characters,Vridank,Vridank
Category:Baptism of Fire characters,Xarthisius,Xarthisius
Category:Baptism of Fire characters,Yazon Varda,Yazon
Category:Baptism of Fire characters,Yennefer of Vengerberg,Yennefer
Category:Baptism of Fire characters,Zgarba,Zgarba
Category:Baptism of Fire characters,Zoltan Chivay,Zoltan
Category:Blood of Elves characters,Blood of Elves minor characters,Blood
Category:Blood of Elves characters,Abrad the Old Oak,Abrad
Category:Blood of Elves characters,Aelirenn,Aelirenn
Category:Blood of Elves characters,Agnes of Glanville,Agnes
Category:Blood of Elves characters,Anna Tiller,Anna
Category:Blood of Elves characters,Anséis,Anséis
Category:Blood of Elves characters,Artaud Terranova,Artaud
Category:Blood of Elves characters,Axel Esparza,Axel
Category:Blood of Elves characters,Boatbug,Boatbug
Category:Blood of Elves characters,Boratek,Boratek
Category:Blood of Elves characters,Bronibor,Bronibor
Category:Blood of Elves characters,Cahir Mawr Dyffryn aep Ceallach,Cahir
Category:Blood of Elves characters,Calanthe,Calanthe
Category:Blood of Elves characters,Carduin,Carduin
Category:Blood of Elves characters,Carla Demetia Crest,Carla
Category:Blood of Elves characters,Ciri,Ciri
Category:Blood of Elves characters,Coën,Coën
Category:Blood of Elves characters,Crach an Craite,Crach
Category:Blood of Elves characters,Dandelion,Dandelion
Category:Blood of Elves characters,Demavend III,Demavend
Category:Blood of Elves characters,Dezmod,Dezmod
Category:Blood of Elves characters,Donimir of Troy,Donimir
Category:Blood of Elves characters,Duke de Ruyter,Duke
Category:Blood of Elves characters,Edmund Bumbler,Edmund
Category:Blood of Elves characters,Eist Tuirseach,Eist
Category:Blood of Elves characters,Ekkehard of Sodden,Ekkehard
Category:Blood of Elves characters,Emhyr var Emreis,Emhyr
Category:Blood of Elves characters,Ervyll,Ervyll
Category:Blood of Elves characters,Eskel,Eskel
Category:Blood of Elves characters,Essi Daven,Essi
Category:Blood of Elves characters,Esterad Thyssen,Esterad
Category:Blood of Elves characters,Ethain,Ethain
Category:Blood of Elves characters,Eurneid,Eurneid
Category:Blood of Elves characters,Everett,Everett
Category:Blood of Elves characters,Fercart,Fercart
Category:Blood of Elves characters,Flavius Michelet,Flavius
Category:Blood of Elves characters,Foltest,Foltest
Category:Blood of Elves characters,Francesca Findabair,Francesca
Category:Blood of Elves characters,Geoffrey Monck,Geoffrey
Category:Blood of Elves characters,Geralt of Rivia,Geralt
Category:Blood of Elves characters,Gerhart of Aelle,Gerhart
Category:Blood of Elves characters,Giambattista,Giambattista
Category:Blood of Elves characters,Griffin of Temeria,Griffin
Category:Blood of Elves characters,Gruzila,Gruzila
Category:Blood of Elves characters,Henselt,Henselt
Category:Blood of Elves characters,Herbert Stammelford,Herbert
Category:Blood of Elves characters,Hereward,Hereward
Category:Blood of Elves characters,Hrosvitha,Hrosvitha
Category:Blood of Elves characters,Iola,Iola
Category:Blood of Elves characters,Iola the Second,Iola
Category:Blood of Elves characters,Ironware,Ironware
Category:Blood of Elves characters,Ithlinne,Ithlinne
Category:Blood of Elves characters,Ivo Richert,Ivo
Category:Blood of Elves characters,Jan Bekker,Jan
Category:Blood of Elves characters,Jarre,Jarre
Category:Blood of Elves characters,Katje,Katje
Category:Blood of Elves characters,Keira Metz,Keira
Category:Blood of Elves characters,Kistrin,Kistrin
Category:Blood of Elves characters,Lambert,Lambert
Category:Blood of Elves characters,Linus Pitt,Linus
Category:Blood of Elves characters,Lodovico Michelet,Lodovico
Category:Blood of Elves characters,Lucas Corto,Lucas
Category:Blood of Elves characters,Lydia van Bredevoort,Lydia
Category:Blood of Elves characters,Lytta Neyd,Lytta
Category:Blood of Elves characters,Mama Lantieri,Mama
Category:Blood of Elves characters,Maria Louisa La Valette,Maria
Category:Blood of Elves characters,Marquis La Creahme,Marquis
Category:Blood of Elves characters,Medell,Medell
Category:Blood of Elves characters,Menno Coehoorn,Menno
Category:Blood of Elves characters,Meve,Meve
Category:Blood of Elves characters,Michelet brothers,Michelet
Category:Blood of Elves characters,Milan Raupenneck,Milan
Category:Blood of Elves characters,Myhrman,Myhrman
Category:Blood of Elves characters,Myrrha,Myrrha
Category:Blood of Elves characters,Nenneke,Nenneke
Category:Blood of Elves characters,Nicodemus de Boot,Nicodemus
Category:Blood of Elves characters,Niedamir,Niedamir
Category:Blood of Elves characters,Old Baron La Valette,Old
Category:Blood of Elves characters,Olsen,Olsen
Category:Blood of Elves characters,Ori Reuven,Ori
Category:Blood of Elves characters,Paulie Dahlberg,Paulie
Category:Blood of Elves characters,Pavetta,Pavetta
Category:Blood of Elves characters,Pelligram,Pelligram
Category:Blood of Elves characters,Philippa Eilhart,Philippa
Category:Blood of Elves characters,Podveyka,Podveyka
Category:Blood of Elves characters,Radcliffe,Radcliffe
Category:Blood of Elves characters,Radovid I,Radovid
Category:Blood of Elves characters,Radovid III,Radovid
Category:Blood of Elves characters,Rayla,Rayla
Category:Blood of Elves characters,Regan Dahlberg,Regan
Category:Blood of Elves characters,Reginald,Reginald
Category:Blood of Elves characters,Rience,Rience
Category:Blood of Elves characters,Rizzi Michelet,Rizzi
Category:Blood of Elves characters,Roach,Roach
Category:Blood of Elves characters,Sambuk,Sambuk
Category:Blood of Elves characters,Schrader,Schrader
Category:Blood of Elves characters,Shani,Shani
Category:Blood of Elves characters,Sheldon Skaggs,Sheldon
Category:Blood of Elves characters,Sigismund Dijkstra,Sigismund
Category:Blood of Elves characters,Stran,Stran
Category:Blood of Elves characters,Tissaia de Vries,Tissaia
Category:Blood of Elves characters,Toublanc Michelet,Toublanc
Category:Blood of Elves characters,Triss Merigold,Triss
Category:Blood of Elves characters,Unist,Unist
Category:Blood of Elves characters,Vanielle,Vanielle
Category:Blood of Elves characters,Venzlav,Venzlav
Category:Blood of Elves characters,Vera Loewenhaupt,Vera
Category:Blood of Elves characters,Vesemir,Vesemir
Category:Blood of Elves characters,Vilfrid Wenck,Vilfrid
Category:Blood of Elves characters,Vilgefortz,Vilgefortz
Category:Blood of Elves characters,Villem,Villem
Category:Blood of Elves characters,Virfuril,Virfuril
Category:Blood of Elves characters,Vissegerd,Vissegerd
Category:Blood of Elves characters,Vitek,Vitek
Category:Blood of Elves characters,Vizimir II,Vizimir
Category:Blood of Elves characters,Windhalm of Attre,Windhalm
Category:Blood of Elves characters,Wolfgang Amadeus Goatbeard,Wolfgang
Category:Blood of Elves characters,Xavier Moran,Xavier
Category:Blood of Elves characters,Yannick Brass,Yannick
Category:Blood of Elves characters,Yarpen Zigrin,Yarpen
Category:Blood of Elves characters,Yennefer of Vengerberg,Yennefer
Category:Blood of Elves characters,Yoël Grethen,Yoël
Category:Blood of Elves characters,Zyvik,Zyvik
Category:Season of Storms characters,Abner de Navarette,Abner
Category:Season of Storms characters,Adda the White,Adda
Category:Season of Storms characters,Addarion Bach,Addarion
Category:Season of Storms characters,Aguara,Aguara
Category:Season of Storms characters,Aileach Mor-Dhu,Aileach
Category:Season of Storms characters,Albert Smulka,Albert
Category:Season of Storms characters,Algernon Guincamp,Algernon
Category:Season of Storms characters,Alzur,Alzur
Category:Season of Storms characters,Antea Derris,Antea
Category:Season of Storms characters,Axel Esparza,Axel
Category:Season of Storms characters,Bang,Bang
Category:Season of Storms characters,Belohun,Belohun
Category:Season of Storms characters,Bernie Hofmeier,Bernie
Category:Season of Storms characters,Biruta Icarti,Biruta
Category:Season of Storms characters,Brehen,Brehen
Category:Season of Storms characters,Briana de Sepulveda,Briana
Category:Season of Storms characters,Bue,Bue
Category:Season of Storms characters,Ciri,Ciri
Category:Season of Storms characters,Codringher,Codringher
Category:Season of Storms characters,Colonel de Santis,Colonel
Category:Season of Storms characters,Coppenrath,Coppenrath
Category:Season of Storms characters,Cosimo Malaspina,Cosimo
Category:Season of Storms characters,Dandelion,Dandelion
Category:Season of Storms characters,Drofuss,Drofuss
Category:Season of Storms characters,Edwina,Edwina
Category:Season of Storms characters,Effenberg,Effenberg
Category:Season of Storms characters,Egmund,Egmund
Category:Season of Storms characters,Elmer,Elmer
Category:Season of Storms characters,Escayrac,Escayrac
Category:Season of Storms characters,Febus Ravenga,Febus
Category:Season of Storms characters,Ferrant de Lettenhove,Ferrant
Category:Season of Storms characters,Floquet,Floquet
Category:Season of Storms characters,Frans Torquil,Frans
Category:Season of Storms characters,Geoffrey Monck,Geoffrey
Category:Season of Storms characters,Geralt of Rivia,Geralt
Category:Season of Storms characters,Gonschorek,Gonschorek
Category:Season of Storms characters,Harlan Tzara,Harlan
Category:Season of Storms characters,Horvath,Horvath
Category:Season of Storms characters,Idarran of Ulivo,Idarran
Category:Season of Storms characters,Ildiko Breckl,Ildiko
Category:Season of Storms characters,Jacob de Sepulveda,Jacob
Category:Season of Storms characters,Jacob Fenn,Jacob
Category:Season of Storms characters,Jan Bekker,Jan
Category:Season of Storms characters,Javil Fysh,Javil
Category:Season of Storms characters,Jerosa Fuerte,Jerosa
Category:Season of Storms characters,Jonas,Jonas
Category:Season of Storms characters,Kevenard van Vliet,Kevenard
Category:Season of Storms characters,Lebioda,Lebioda
Category:Season of Storms characters,Ligenza,Ligenza
Category:Season of Storms characters,Lindenbrog,Lindenbrog
Category:Season of Storms characters,Lytta Neyd,Lytta
Category:Season of Storms characters,Marti Södergren,Marti
Category:Season of Storms characters,Maximilian Borsodi,Maximilian
Category:Season of Storms characters,Maximilian Borsodi's brother,Maximilian
Category:Season of Storms characters,Messer Luppi,Messer
Category:Season of Storms characters,Mikita,Mikita
Category:Season of Storms characters,Molnar Giancardi,Molnar
Category:Season of Storms characters,Mozaïk,Mozaïk
Category:Season of Storms characters,Myles Trethevey,Myles
Category:Season of Storms characters,Narses de la Roche,Narses
Category:Season of Storms characters,Nikefor Muus,Nikefor
Category:Season of Storms characters,Nimue verch Wledyr ap Gwyn,Nimue
Category:Season of Storms characters,Nino Cianfanelli,Nino
Category:Season of Storms characters,Ohnesorg,Ohnesorg
Category:Season of Storms characters,Ortolan,Ortolan
Category:Season of Storms characters,Osmyk,Osmyk
Category:Season of Storms characters,Otto Dussart,Otto
Category:Season of Storms characters,Pandolfo Forteguerra,Pandolfo
Category:Season of Storms characters,Parlaghy,Parlaghy
Category:Season of Storms characters,Pastor,Pastor
Category:Season of Storms characters,Pelligram,Pelligram
Category:Season of Storms characters,Petru Cobbin,Petru
Category:Season of Storms characters,Prochaska,Prochaska
Category:Season of Storms characters,Prospero Basti,Prospero
Category:Season of Storms characters,Pudlorak,Pudlorak
Category:Season of Storms characters,Pyral Pratt,Pyral
Category:Season of Storms characters,Rhyd,Rhyd
Category:Season of Storms characters,Richter,Richter
Category:Season of Storms characters,Roach,Roach
Category:Season of Storms characters,Ropp,Ropp
Category:Season of Storms characters,Sabrina Glevissig,Sabrina
Category:Season of Storms characters,Samsa,Samsa
Category:Season of Storms characters,Shevlov,Shevlov
Category:Season of Storms characters,Sorel Degerlund,Sorel
Category:Season of Storms characters,Stucco Zangenis,Stucco
Category:Season of Storms characters,Talbot,Talbot
Category:Season of Storms characters,Tarp,Tarp
Category:Season of Storms characters,Tarvix Sandoval,Tarvix
Category:Season of Storms characters,Tiziana Frevi,Tiziana
Category:Season of Storms characters,Tonton Zroga,Tonton
Category:Season of Storms characters,Trent,Trent
Category:Season of Storms characters,Tukaj,Tukaj
Category:Season of Storms characters,Tverdoruk,Tverdoruk
Category:Season of Storms characters,Vesemir,Vesemir
Category:Season of Storms characters,Videmont,Videmont
Category:Season of Storms characters,Vimme Vivaldi,Vimme
Category:Season of Storms characters,Violetta,Violetta
Category:Season of Storms characters,Viraxas,Viraxas
Category:Season of Storms characters,Vizimir II,Vizimir
Category:Season of Storms characters,Vorsterkranz,Vorsterkranz
Category:Season of Storms characters,Vysogota of Corvo,Vysogota
Category:Season of Storms characters,Wledyr,Wledyr
Category:Season of Storms characters,Xander,Xander
Category:Season of Storms characters,Xymena de Sepulveda,Xymena
Category:Season of Storms characters,Yan Malkin,Yan
Category:Season of Storms characters,Yennefer of Vengerberg,Yennefer
"Category:Something Ends, Something Begins characters",Adda the White,Adda
"Category:Something Ends, Something Begins characters",Agloval,Agloval
"Category:Something Ends, Something Begins characters",Alzur,Alzur
"Category:Something Ends, Something Begins characters",Annika,Annika
"Category:Something Ends, Something Begins characters",Braenn,Braenn
"Category:Something Ends, Something Begins characters",Brennan,Brennan
"Category:Something Ends, Something Begins characters",Caldemeyn,Caldemeyn
"Category:Something Ends, Something Begins characters",Chireadan,Chireadan
"Category:Something Ends, Something Begins characters",Ciri,Ciri
"Category:Something Ends, Something Begins characters",Cirilla ,Cirilla
"Category:Something Ends, Something Begins characters",Crach an Craite,Crach
"Category:Something Ends, Something Begins characters",Czop,Czop
"Category:Something Ends, Something Begins characters",Dainty Biberveldt,Dainty
"Category:Something Ends, Something Begins characters",Dandelion,Dandelion
"Category:Something Ends, Something Begins characters",Devereux,Devereux
"Category:Something Ends, Something Begins characters",Dorregaray,Dorregaray
"Category:Something Ends, Something Begins characters",Dudu,Dudu
"Category:Something Ends, Something Begins characters",Eithné ,Eithné
"Category:Something Ends, Something Begins characters",Eskel,Eskel
"Category:Something Ends, Something Begins characters",Ethain,Ethain
"Category:Something Ends, Something Begins characters",Eurneid,Eurneid
"Category:Something Ends, Something Begins characters",Fregenal,Fregenal
"Category:Something Ends, Something Begins characters",Freixenet,Freixenet
"Category:Something Ends, Something Begins characters",Freya ,Freya
"Category:Something Ends, Something Begins characters",Galahad,Galahad
"Category:Something Ends, Something Begins characters",Gardenia Biberveldt,Gardenia
"Category:Something Ends, Something Begins characters",Geralt of Rivia,Geralt
"Category:Something Ends, Something Begins characters",Grozim,Grozim
"Category:Something Ends, Something Begins characters",Herwig,Herwig
"Category:Something Ends, Something Begins characters",Hotspurn,Hotspurn
"Category:Something Ends, Something Begins characters",Iola the Second,Iola
"Category:Something Ends, Something Begins characters",Jarre,Jarre
"Category:Something Ends, Something Begins characters",Kashka,Kashka
"Category:Something Ends, Something Begins characters",Kehl,Kehl
"Category:Something Ends, Something Begins characters",Kelpie ,Kelpie
"Category:Something Ends, Something Begins characters",Korin,Korin
"Category:Something Ends, Something Begins characters",Koshchey's Men,Koshchey's
"Category:Something Ends, Something Begins characters",Leo Bonhart,Leo
"Category:Something Ends, Something Begins characters",Lily Biberveldt,Lily
"Category:Something Ends, Something Begins characters",Loki an Craite,Loki
"Category:Something Ends, Something Begins characters",Manissa,Manissa
"Category:Something Ends, Something Begins characters",Matholm,Matholm
"Category:Something Ends, Something Begins characters",Merle,Merle
"Category:Something Ends, Something Begins characters",Mikula ,Mikula
"Category:Something Ends, Something Begins characters",Mistle,Mistle
"Category:Something Ends, Something Begins characters",Mona ,Mona
"Category:Something Ends, Something Begins characters",Morenn ,Morenn
"Category:Something Ends, Something Begins characters",Mousesack,Mousesack
"Category:Something Ends, Something Begins characters",Nenneke,Nenneke
"Category:Something Ends, Something Begins characters",Percival Schuttenbach,Percival
"Category:Something Ends, Something Begins characters",Radcliffe,Radcliffe
"Category:Something Ends, Something Begins characters",Radim,Radim
"Category:Something Ends, Something Begins characters",Ragnar an Craite,Ragnar
"Category:Something Ends, Something Begins characters",Sandy Frogmorton,Sandy
"Category:Something Ends, Something Begins characters",Sh'eenaz,Sh'eenaz
"Category:Something Ends, Something Begins characters",Sigismund Dijkstra,Sigismund
"Category:Something Ends, Something Begins characters","Something Ends, Something Begins minor characters",Something
"Category:Something Ends, Something Begins characters",Sulivoy,Sulivoy
"Category:Something Ends, Something Begins characters",Topin,Topin
"Category:Something Ends, Something Begins characters",Triss Merigold,Triss
"Category:Something Ends, Something Begins characters",Venzlav,Venzlav
"Category:Something Ends, Something Begins characters",Vesemir,Vesemir
"Category:Something Ends, Something Begins characters",Villentretenmerth,Villentretenmerth
"Category:Something Ends, Something Begins characters",Visenna,Visenna
"Category:Something Ends, Something Begins characters",Vissing,Vissing
"Category:Something Ends, Something Begins characters",White Lady,White
"Category:Something Ends, Something Begins characters",Willem,Willem
"Category:Something Ends, Something Begins characters",Yarpen Zigrin,Yarpen
"Category:Something Ends, Something Begins characters",Yennefer of Vengerberg,Yennefer
"Category:Something Ends, Something Begins characters",Yves,Yves
Category:Sword of Destiny characters,Agloval,Agloval
Category:Sword of Destiny characters,Akeretta,Akeretta
Category:Sword of Destiny characters,Alvina,Alvina
Category:Sword of Destiny characters,Arno Hardbottom,Arno
Category:Sword of Destiny characters,Artaud Terranova,Artaud
Category:Sword of Destiny characters,Atlan Kerk,Atlan
Category:Sword of Destiny characters,Axel Esparza,Axel
Category:Sword of Destiny characters,Beady-eyes,Beady-eyes
Category:Sword of Destiny characters,Begonia Biberveldt,Begonia
Category:Sword of Destiny characters,Boholt,Boholt
Category:Sword of Destiny characters,Braenn,Braenn
Category:Sword of Destiny characters,Brick,Brick
Category:Sword of Destiny characters,Budibog,Budibog
Category:Sword of Destiny characters,Calanthe,Calanthe
Category:Sword of Destiny characters,Chappelle,Chappelle
Category:Sword of Destiny characters,Ciri,Ciri
Category:Sword of Destiny characters,Crinfrid Reavers,Crinfrid
Category:Sword of Destiny characters,Cynthia ,Cynthia
Category:Sword of Destiny characters,Dagobert,Dagobert
Category:Sword of Destiny characters,Dainty Biberveldt,Dainty
Category:Sword of Destiny characters,Dalia,Dalia
Category:Sword of Destiny characters,Dandelion,Dandelion
Category:Sword of Destiny characters,Detchka,Detchka
Category:Sword of Destiny characters,Dezmod,Dezmod
Category:Sword of Destiny characters,Dorregaray,Dorregaray
Category:Sword of Destiny characters,Drunken ferryman,Drunken
Category:Sword of Destiny characters,Dudu,Dudu
Category:Sword of Destiny characters,Dunca,Dunca
Category:Sword of Destiny characters,Ebbing quadruplets,Ebbing
Category:Sword of Destiny characters,Eist Tuirseach,Eist
Category:Sword of Destiny characters,Eithné,Eithné
Category:Sword of Destiny characters,Ekkehard of Sodden,Ekkehard
Category:Sword of Destiny characters,Eliza,Eliza
Category:Sword of Destiny characters,Emhyr var Emreis,Emhyr
Category:Sword of Destiny characters,Ervyll,Ervyll
Category:Sword of Destiny characters,Essi Daven,Essi
Category:Sword of Destiny characters,Ethain,Ethain
Category:Sword of Destiny characters,Eyck of Denesle,Eyck
Category:Sword of Destiny characters,Fercart,Fercart
Category:Sword of Destiny characters,Freixenet,Freixenet
Category:Sword of Destiny characters,Gar,Gar
Category:Sword of Destiny characters,Gardenia Biberveldt,Gardenia
Category:Sword of Destiny characters,Gaspard Drouhard,Gaspard
Category:Sword of Destiny characters,Geralt of Rivia,Geralt
Category:Sword of Destiny characters,Goldencheeks,Goldencheeks
Category:Sword of Destiny characters,Gorazd,Gorazd
Category:Sword of Destiny characters,Gritzi,Gritzi
Category:Sword of Destiny characters,Gyllenstiern,Gyllenstiern
Category:Sword of Destiny characters,Herbolth,Herbolth
Category:Sword of Destiny characters,Istredd,Istredd
Category:Sword of Destiny characters,Ivo Mirce,Ivo
Category:Sword of Destiny characters,Joachim Schwann,Joachim
Category:Sword of Destiny characters,Juan Pablo Vassermiller,Juan
Category:Sword of Destiny characters,Junghans,Junghans
Category:Sword of Destiny characters,Kennet,Kennet
Category:Sword of Destiny characters,Kistrin,Kistrin
Category:Sword of Destiny characters,Kreve,Kreve
Category:Sword of Destiny characters,Lawdbor,Lawdbor
Category:Sword of Destiny characters,Levecque,Levecque
Category:Sword of Destiny characters,Lucas Corto,Lucas
Category:Sword of Destiny characters,Lytta Neyd,Lytta
Category:Sword of Destiny characters,Marck,Marck
Category:Sword of Destiny characters,Mestvin,Mestvin
Category:Sword of Destiny characters,Mitzi,Mitzi
Category:Sword of Destiny characters,Morénn,Morénn
Category:Sword of Destiny characters,Mousesack,Mousesack
Category:Sword of Destiny characters,Muskrat,Muskrat
Category:Sword of Destiny characters,Myrgtabrakke,Myrgtabrakke
Category:Sword of Destiny characters,Nadbor,Nadbor
Category:Sword of Destiny characters,Nelumbo,Nelumbo
Category:Sword of Destiny characters,Niedamir,Niedamir
Category:Sword of Destiny characters,Paulie Dahlberg,Paulie
Category:Sword of Destiny characters,Pavetta,Pavetta
Category:Sword of Destiny characters,Podveyka,Podveyka
Category:Sword of Destiny characters,Pokvit,Pokvit
Category:Sword of Destiny characters,Putzi,Putzi
Category:Sword of Destiny characters,Radcliffe,Radcliffe
Category:Sword of Destiny characters,Regan Dahlberg,Regan
Category:Sword of Destiny characters,Rhundurin,Rhundurin
Category:Sword of Destiny characters,Rhyd,Rhyd
Category:Sword of Destiny characters,Roach,Roach
Category:Sword of Destiny characters,Roedskilde,Roedskilde
Category:Sword of Destiny characters,Sabrina Glevissig,Sabrina
Category:Sword of Destiny characters,Sambuk,Sambuk
Category:Sword of Destiny characters,Sh'eenaz,Sh'eenaz
Category:Sword of Destiny characters,Sheepbagger,Sheepbagger
Category:Sword of Destiny characters,Sirssa,Sirssa
Category:Sword of Destiny characters,Sorrel,Sorrel
Category:Sword of Destiny characters,Stefan Skellen,Stefan
Category:Sword of Destiny characters,Sulik,Sulik
Category:Sword of Destiny characters,Sulimir,Sulimir
Category:Sword of Destiny characters,Sword of Destiny minor characters,Sword
Category:Sword of Destiny characters,Teleri Drouhard,Teleri
Category:Sword of Destiny characters,Ther Lukokian,Ther
Category:Sword of Destiny characters,Triss Merigold,Triss
Category:Sword of Destiny characters,Téa,Téa
Category:Sword of Destiny characters,Vanda,Vanda
Category:Sword of Destiny characters,Vanielle,Vanielle
Category:Sword of Destiny characters,Vell,Vell
Category:Sword of Destiny characters,Venzlav,Venzlav
Category:Sword of Destiny characters,Vertvern,Vertvern
Category:Sword of Destiny characters,Vesemir,Vesemir
Category:Sword of Destiny characters,Vespula,Vespula
Category:Sword of Destiny characters,Veverka,Veverka
Category:Sword of Destiny characters,Villentretenmerth,Villentretenmerth
Category:Sword of Destiny characters,Vimme Vivaldi,Vimme
Category:Sword of Destiny characters,Viraxas,Viraxas
Category:Sword of Destiny characters,Visenna,Visenna
Category:Sword of Destiny characters,Voymir ,Voymir
Category:Sword of Destiny characters,Véa,Véa
Category:Sword of Destiny characters,Xavier Moran,Xavier
Category:Sword of Destiny characters,Yannick Brass,Yannick
Category:Sword of Destiny characters,Yarpen Zigrin,Yarpen
Category:Sword of Destiny characters,Yennefer of Vengerberg,Yennefer
Category:Sword of Destiny characters,Yoël Grethen,Yoël
Category:Sword of Destiny characters,Yurga,Yurga
Category:Sword of Destiny characters,Zelest,Zelest
Category:Szpony i kły characters,Ethain,Ethain
Category:Szpony i kły characters,Mathen,Mathen
Category:Szpony i kły characters,Sha,Sha
Category:Tales from the world of The Witcher characters,Saint Elmo,Saint
Category:The Lady of the Lake characters,Aarhenius Krantz,Aarhenius
Category:The Lady of the Lake characters,Abonde,Abonde
Category:The Lady of the Lake characters,Adam Pangratt,Adam
Category:The Lady of the Lake characters,Adela Marta,Adela
Category:The Lady of the Lake characters,Aen Saevherne,Aen
Category:The Lady of the Lake characters,Aillil Mawr Dyffryn aep Ceallach,Aillil
Category:The Lady of the Lake characters,Albert Solpietra,Albert
Category:The Lady of the Lake characters,Alcides Fierabras,Alcides
Category:The Lady of the Lake characters,Aloë Hildebrandt,Aloë
Category:The Lady of the Lake characters,Amadis de Trastamara,Amadis
Category:The Lady of the Lake characters,Andy Biberveldt,Andy
Category:The Lady of the Lake characters,Angoulême,Angoulême
Category:The Lady of the Lake characters,Angus Bri Cri,Angus
Category:The Lady of the Lake characters,Anna Henrietta,Anna
Category:The Lady of the Lake characters,Anna Tiller,Anna
Category:The Lady of the Lake characters,Anzelm Aubry,Anzelm
Category:The Lady of the Lake characters,Ardal aep Dahy,Ardal
Category:The Lady of the Lake characters,Aristoteles Bobeck,Aristoteles
Category:The Lady of the Lake characters,Artorius Vigo,Artorius
Category:The Lady of the Lake characters,Assire var Anahid,Assire
Category:The Lady of the Lake characters,Auberon Muircetach,Auberon
Category:The Lady of the Lake characters,Aubry ,Aubry
Category:The Lady of the Lake characters,Avallac'h,Avallac'h
Category:The Lady of the Lake characters,Barclay Els,Barclay
Category:The Lady of the Lake characters,Berengar Leuvaarden,Berengar
Category:The Lady of the Lake characters,Bernie Hofmeier,Bernie
Category:The Lady of the Lake characters,Bertram Skellen,Bertram
Category:The Lady of the Lake characters,Blasco Grant,Blasco
Category:The Lady of the Lake characters,Blenheim Blenckert,Blenheim
Category:The Lady of the Lake characters,Boreas Mun,Boreas
Category:The Lady of the Lake characters,Braathens,Braathens
Category:The Lady of the Lake characters,Bronibor,Bronibor
Category:The Lady of the Lake characters,Brouver Hoog,Brouver
Category:The Lady of the Lake characters,Bucephalus,Bucephalus
Category:The Lady of the Lake characters,Cahir Mawr Dyffryn aep Ceallach,Cahir
Category:The Lady of the Lake characters,Cairbre aep Diared,Cairbre
Category:The Lady of the Lake characters,Calanthe,Calanthe
Category:The Lady of the Lake characters,Carolina Roberta,Carolina
Category:The Lady of the Lake characters,Carthia van Canten,Carthia
Category:The Lady of the Lake characters,Ceallach aep Gruffyd,Ceallach
Category:The Lady of the Lake characters,Cedric ,Cedric
Category:The Lady of the Lake characters,Cerro,Cerro
Category:The Lady of the Lake characters,Chevron Knight,Chevron
Category:The Lady of the Lake characters,Cinead var Anahid,Cinead
Category:The Lady of the Lake characters,Ciri,Ciri
Category:The Lady of the Lake characters,Ciri ,Ciri
Category:The Lady of the Lake characters,Cirilla Fiona ,Cirilla
Category:The Lady of the Lake characters,Coinneach Dá Reo,Coinneach
Category:The Lady of the Lake characters,Condwiramurs Tilly,Condwiramurs
Category:The Lady of the Lake characters,Corbett,Corbett
Category:The Lady of the Lake characters,Count Broinne,Count
Category:The Lady of the Lake characters,Count de Ruyter,Count
Category:The Lady of the Lake characters,Coën,Coën
Category:The Lady of the Lake characters,Cregennan of Lod,Cregennan
Category:The Lady of the Lake characters,Cyprian Fripp the younger,Cyprian
Category:The Lady of the Lake characters,Cyrus Engelkind Hemmelfart,Cyrus
Category:The Lady of the Lake characters,Dacre Silifant,Dacre
Category:The Lady of the Lake characters,Dagorad,Dagorad
Category:The Lady of the Lake characters,Dandelion,Dandelion
Category:The Lady of the Lake characters,Daniel Etcheverry,Daniel
Category:The Lady of the Lake characters,Debora,Debora
Category:The Lady of the Lake characters,Dede Vargas,Dede
Category:The Lady of the Lake characters,Demavend III,Demavend
Category:The Lady of the Lake characters,Dennis Cranmer,Dennis
Category:The Lady of the Lake characters,Deuslax,Deuslax
Category:The Lady of the Lake characters,Devlin aep Meara,Devlin
Category:The Lady of the Lake characters,Dezmod,Dezmod
Category:The Lady of the Lake characters,Dheran Mawr Dyffryn aep Ceallach,Dheran
Category:The Lady of the Lake characters,Didi Hofmeier,Didi
Category:The Lady of the Lake characters,Digod,Digod
Category:The Lady of the Lake characters,Dominik Bombastus Houvenaghel,Dominik
Category:The Lady of the Lake characters,Draakul,Draakul
Category:The Lady of the Lake characters,Dyffryn,Dyffryn
Category:The Lady of the Lake characters,Edmund Bumbler,Edmund
Category:The Lady of the Lake characters,Effenberg,Effenberg
Category:The Lady of the Lake characters,Eithné,Eithné
Category:The Lady of the Lake characters,Elan Trahe,Elan
Category:The Lady of the Lake characters,Elkana Foster,Elkana
Category:The Lady of the Lake characters,Emhyr var Emreis,Emhyr
Category:The Lady of the Lake characters,Emiel Regis Rohellec Terzieff-Godefroy,Emiel
Category:The Lady of the Lake characters,Emmerich Gottschalk,Emmerich
Category:The Lady of the Lake characters,Eredin Bréacc Glas,Eredin
Category:The Lady of the Lake characters,Ervyll,Ervyll
Category:The Lady of the Lake characters,Eskel,Eskel
Category:The Lady of the Lake characters,Esterad Thyssen,Esterad
Category:The Lady of the Lake characters,Ethain,Ethain
Category:The Lady of the Lake characters,Eudora Breckenriggs,Eudora
Category:The Lady of the Lake characters,Eurneid,Eurneid
Category:The Lady of the Lake characters,Evangelina Parr,Evangelina
Category:The Lady of the Lake characters,Eviva var Anahid,Eviva
Category:The Lady of the Lake characters,Fabio Sachs,Fabio
Category:The Lady of the Lake characters,Falka,Falka
Category:The Lady of the Lake characters,Fergus var Emreis,Fergus
Category:The Lady of the Lake characters,Field Marshal Windbag,Field
Category:The Lady of the Lake characters,Figgis Merluzzo,Figgis
Category:The Lady of the Lake characters,Fisher King ,Fisher
Category:The Lady of the Lake characters,Fitz-Oesterlen ,Fitz-Oesterlen
Category:The Lady of the Lake characters,Flourens Delannoy,Flourens
Category:The Lady of the Lake characters,Foltest,Foltest
Category:The Lady of the Lake characters,Forest Gramps,Forest
Category:The Lady of the Lake characters,Francesca Findabair,Francesca
Category:The Lady of the Lake characters,Fringilla Vigo,Fringilla
Category:The Lady of the Lake characters,Fulko Artevelde,Fulko
Category:The Lady of the Lake characters,Fuson,Fuson
Category:The Lady of the Lake characters,Galahad,Galahad
Category:The Lady of the Lake characters,Gardik,Gardik
Category:The Lady of the Lake characters,Gefreiter Corncrake,Gefreiter
Category:The Lady of the Lake characters,Geralt of Rivia,Geralt
Category:The Lady of the Lake characters,Goidemar,Goidemar
Category:The Lady of the Lake characters,Goulue,Goulue
Category:The Lady of the Lake characters,Gruffyd,Gruffyd
Category:The Lady of the Lake characters,Guy de Bois-Fresnes,Guy
Category:The Lady of the Lake characters,Hamilcar Danza,Hamilcar
Category:The Lady of the Lake characters,Hedwig of Malleore,Hedwig
Category:The Lady of the Lake characters,Henselt,Henselt
Category:The Lady of the Lake characters,Hereward,Hereward
Category:The Lady of the Lake characters,Holofernes Hofmeier,Holofernes
Category:The Lady of the Lake characters,Ida Emean aep Sivney,Ida
Category:The Lady of the Lake characters,Ihuarraquax,Ihuarraquax
Category:The Lady of the Lake characters,Impatientia Vanderbeck,Impatientia
Category:The Lady of the Lake characters,Incarvilia Hildebrandt,Incarvilia
Category:The Lady of the Lake characters,Iola the Second,Iola
Category:The Lady of the Lake characters,Isengrim Faoiltiarna,Isengrim
Category:The Lady of the Lake characters,Istvan Igalffy,Istvan
Category:The Lady of the Lake characters,Ithlinne,Ithlinne
Category:The Lady of the Lake characters,Jacqueline,Jacqueline
Category:The Lady of the Lake characters,Jan Lennep,Jan
Category:The Lady of the Lake characters,Jan Natalis,Jan
Category:The Lady of the Lake characters,Jarre,Jarre
Category:The Lady of the Lake characters,Jean Catillon,Jean
Category:The Lady of the Lake characters,Jean La Voisier,Jean
Category:The Lady of the Lake characters,Joachim de Wett,Joachim
Category:The Lady of the Lake characters,John of Attre,John
Category:The Lady of the Lake characters,Juan Gutierrez,Juan
Category:The Lady of the Lake characters,Julia Abatemarco,Julia
Category:The Lady of the Lake characters,Katje,Katje
Category:The Lady of the Lake characters,Kees van Lo,Kees
Category:The Lady of the Lake characters,Keira Metz,Keira
Category:The Lady of the Lake characters,Kelpie ,Kelpie
Category:The Lady of the Lake characters,King of the Wild Hunt,King
Category:The Lady of the Lake characters,Kistrin,Kistrin
Category:The Lady of the Lake characters,Klaproth,Klaproth
Category:The Lady of the Lake characters,Kobus de Ruyter,Kobus
Category:The Lady of the Lake characters,Lamarr Flaut,Lamarr
Category:The Lady of the Lake characters,Lambert,Lambert
Category:The Lady of the Lake characters,Lara Dorren,Lara
Category:The Lady of the Lake characters,Lebioda,Lebioda
Category:The Lady of the Lake characters,Leo Bonhart,Leo
Category:The Lady of the Lake characters,Leon Oppenhauser,Leon
Category:The Lady of the Lake characters,Liam aep Muir Moss,Liam
Category:The Lady of the Lake characters,Lorenzo Molla,Lorenzo
Category:The Lady of the Lake characters,Lucienne,Lucienne
Category:The Lady of the Lake characters,Lydia van Bredevoort,Lydia
Category:The Lady of the Lake characters,Lytta Neyd,Lytta
Category:The Lady of the Lake characters,Malatesta,Malatesta
Category:The Lady of the Lake characters,Margarita Laux-Antille,Margarita
Category:The Lady of the Lake characters,Markus Braibant,Markus
Category:The Lady of the Lake characters,Marti Södergren,Marti
Category:The Lady of the Lake characters,Mawr var Anahid,Mawr
Category:The Lady of the Lake characters,Melfi,Melfi
Category:The Lady of the Lake characters,Menno Coehoorn,Menno
Category:The Lady of the Lake characters,Meve,Meve
Category:The Lady of the Lake characters,Milo Vanderbeck,Milo
Category:The Lady of the Lake characters,Milton,Milton
Category:The Lady of the Lake characters,Milton de Peyrac-Peyran,Milton
Category:The Lady of the Lake characters,Milva,Milva
Category:The Lady of the Lake characters,Mistle,Mistle
Category:The Lady of the Lake characters,Morvran Voorhis,Morvran
Category:The Lady of the Lake characters,Munro Bruys,Munro
Category:The Lady of the Lake characters,Myrrha,Myrrha
Category:The Lady of the Lake characters,Nadia Esposito,Nadia
Category:The Lady of the Lake characters,Natanis,Natanis
Category:The Lady of the Lake characters,Nenneke,Nenneke
Category:The Lady of the Lake characters,Nicodemus de Boot,Nicodemus
Category:The Lady of the Lake characters,Nimue verch Wledyr ap Gwyn,Nimue
Category:The Lady of the Lake characters,Nitert,Nitert
Category:The Lady of the Lake characters,Notturna,Notturna
Category:The Lady of the Lake characters,Nycklar,Nycklar
Category:The Lady of the Lake characters,Ograbek,Ograbek
Category:The Lady of the Lake characters,Okultich,Okultich
Category:The Lady of the Lake characters,Ola Harsheim,Ola
Category:The Lady of the Lake characters,Orestes Kopps,Orestes
Category:The Lady of the Lake characters,Ori Reuven,Ori
Category:The Lady of the Lake characters,Otto de Congreve,Otto
Category:The Lady of the Lake characters,Ouder de Wyngalt,Ouder
Category:The Lady of the Lake characters,Palmerin de Launfal,Palmerin
Category:The Lady of the Lake characters,Papebrock,Papebrock
Category:The Lady of the Lake characters,Paulie Dahlberg,Paulie
Category:The Lady of the Lake characters,Pelligram,Pelligram
Category:The Lady of the Lake characters,Percival Schuttenbach,Percival
Category:The Lady of the Lake characters,Peter Faramond,Peter
Category:The Lady of the Lake characters,Petunia Hildebrandt,Petunia
Category:The Lady of the Lake characters,Philippa Eilhart,Philippa
Category:The Lady of the Lake characters,Pike ,Pike
Category:The Lady of the Lake characters,Prince Voorhis,Prince
Category:The Lady of the Lake characters,Prine,Prine
Category:The Lady of the Lake characters,Puttkammer,Puttkammer
Category:The Lady of the Lake characters,Radovid V,Radovid
Category:The Lady of the Lake characters,Ramon Tyrconnel,Ramon
Category:The Lady of the Lake characters,Rayla,Rayla
Category:The Last Wish characters,Abergard,Abergard
Category:The Last Wish characters,"Abrad ""Jack-up-the-Skirt""",Abrad
Category:The Last Wish characters,Adda of Temeria,Adda
Category:The Last Wish characters,Adda the White,Adda
Category:The Last Wish characters,Aen Saevherne,Aen
Category:The Last Wish characters,Akerspaark,Akerspaark
Category:The Last Wish characters,Aridea,Aridea
Category:The Last Wish characters,Arthur Tailles,Arthur
Category:The Last Wish characters,Audoen,Audoen
Category:The Last Wish characters,Beau Berrant,Beau
Category:The Last Wish characters,Bernika,Bernika
Category:The Last Wish characters,Borg,Borg
Category:The Last Wish characters,Bran Tuirseach,Bran
Category:The Last Wish characters,Butcher of Blaviken,Butcher
Category:The Last Wish characters,Calanthe,Calanthe
Category:The Last Wish characters,Caldemeyn,Caldemeyn
Category:The Last Wish characters,Carrypebble,Carrypebble
Category:The Last Wish characters,Centurion ,Centurion
Category:The Last Wish characters,Cerberus,Cerberus
Category:The Last Wish characters,Cerro,Cerro
Category:The Last Wish characters,Chireadan,Chireadan
Category:The Last Wish characters,Civril,Civril
Category:The Last Wish characters,Crach an Craite,Crach
Category:The Last Wish characters,Crach's mother,Crach's
Category:The Last Wish characters,Dalimira,Dalimira
Category:The Last Wish characters,Dandelion,Dandelion
Category:The Last Wish characters,Dennis Cranmer,Dennis
Category:The Last Wish characters,Dezmod,Dezmod
Category:The Last Wish characters,Dhun,Dhun
Category:The Last Wish characters,Dragomir,Dragomir
Category:The Last Wish characters,Draig Bon-Dhu,Draig
Category:The Last Wish characters,Drogodar,Drogodar
Category:The Last Wish characters,Eist Tuirseach,Eist
Category:The Last Wish characters,Eltibald,Eltibald
Category:The Last Wish characters,Emhyr var Emreis,Emhyr
Category:The Last Wish characters,Ermellia,Ermellia
Category:The Last Wish characters,Errdil,Errdil
Category:The Last Wish characters,Eskel,Eskel
Category:The Last Wish characters,Ethain,Ethain
Category:The Last Wish characters,Evermir,Evermir
Category:The Last Wish characters,Eylembert of Tigg,Eylembert
Category:The Last Wish characters,Falwick,Falwick
Category:The Last Wish characters,Fenne,Fenne
Category:The Last Wish characters,Fialka,Fialka
Category:The Last Wish characters,Fifteen,Fifteen
Category:The Last Wish characters,Filavandrel aén Fidháil,Filavandrel
Category:The Last Wish characters,Fodcat,Fodcat
Category:The Last Wish characters,Foltest,Foltest
Category:The Last Wish characters,Fredefalk Vellga,Fredefalk
Category:The Last Wish characters,Galarr,Galarr
Category:The Last Wish characters,Geoffrey Monck,Geoffrey
Category:The Last Wish characters,Geralt of Rivia,Geralt
Category:The Last Wish characters,Glutton,Glutton
Category:The Last Wish characters,Haxo,Haxo
Category:The Last Wish characters,Herbert Stammelford,Herbert
Category:The Last Wish characters,Hereward,Hereward
Category:The Last Wish characters,Heribert,Heribert
Category:The Last Wish characters,Idi,Idi
Category:The Last Wish characters,Ilka,Ilka
Category:The Last Wish characters,Iola,Iola
Category:The Last Wish characters,Irion,Irion
Category:The Last Wish characters,Karelka,Karelka
Category:The Last Wish characters,Krepp,Krepp
Category:The Last Wish characters,Laurelnose,Laurelnose
Category:The Last Wish characters,Lebioda,Lebioda
Category:The Last Wish characters,Lenka,Lenka
Category:The Last Wish characters,Libushe,Libushe
Category:The Last Wish characters,Lille,Lille
Category:The Last Wish characters,Lord Strept,Lord
Category:The Last Wish characters,Mad Deï,Mad
Category:The Last Wish characters,Marilka,Marilka
Category:The Last Wish characters,Medell,Medell
Category:The Last Wish characters,Mousesack,Mousesack
Category:The Last Wish characters,Nan the Hag,Nan
Category:The Last Wish characters,Nenneke,Nenneke
Category:The Last Wish characters,Nettly,Nettly
Category:The Last Wish characters,Neville,Neville
Category:The Last Wish characters,Nimir,Nimir
Category:The Last Wish characters,Nivellen,Nivellen
Category:The Last Wish characters,Nohorn,Nohorn
Category:The Last Wish characters,Ostrit,Ostrit
Category:The Last Wish characters,Pavetta,Pavetta
Category:The Last Wish characters,Primula,Primula
Category:The Last Wish characters,Rainfarn,Rainfarn
Category:The Last Wish characters,Ravix of Fourhorn,Ravix
Category:The Last Wish characters,Renfri Vellga,Renfri
Category:The Last Wish characters,Roach,Roach
Category:The Last Wish characters,Roderick de Novembre,Roderick
Category:The Last Wish characters,Roegner of Ebbing,Roegner
Category:The Last Wish characters,Rulle Asper,Rulle
Category:The Last Wish characters,Rumplestelt,Rumplestelt
Category:The Last Wish characters,Sancia of Sodden,Sancia
Category:The Last Wish characters,Segelin,Segelin
Category:The Last Wish characters,Seven gnomes,Seven
Category:The Last Wish characters,Silvena ,Silvena
Category:The Last Wish characters,Silvena ,Silvena
Category:The Last Wish characters,Slow,Slow
Category:The Last Wish characters,Stregobor,Stregobor
Category:The Last Wish characters,Supree,Supree
Category:The Last Wish characters,Tavik,Tavik
Category:The Last Wish characters,The Last Wish minor characters,The
Category:The Last Wish characters,Tinglant,Tinglant
Category:The Last Wish characters,Torque,Torque
Category:The Last Wish characters,Toruviel,Toruviel
Category:The Last Wish characters,Treska,Treska
Category:The Last Wish characters,Trigla,Trigla
Category:The Last Wish characters,Triss Merigold,Triss
Category:The Last Wish characters,Valdo Marx,Valdo
Category:The Last Wish characters,Vanadain,Vanadain
Category:The Last Wish characters,Velerad,Velerad
Category:The Last Wish characters,Venimira,Venimira
Category:The Last Wish characters,Vereena,Vereena
Category:The Last Wish characters,Vesemir,Vesemir
Category:The Last Wish characters,Virginia,Virginia
Category:The Last Wish characters,Vissegerd,Vissegerd
Category:The Last Wish characters,Vizimir II,Vizimir
Category:The Last Wish characters,Vratimir,Vratimir
Category:The Last Wish characters,Vridank,Vridank
Category:The Last Wish characters,Vyr,Vyr
Category:The Last Wish characters,Warder,Warder
Category:The Last Wish characters,Wieldhill,Wieldhill
Category:The Last Wish characters,Windhalm of Attre,Windhalm
Category:The Last Wish characters,Yennefer of Vengerberg,Yennefer
Category:The Last Wish characters,Zatret Voruta,Zatret
Category:The Last Wish characters,Zavist,Zavist
Category:The Last Wish characters,Zivelina,Zivelina
Category:The Tower of the Swallow characters,Adam Pangratt,Adam
Category:The Tower of the Swallow characters,Aideen,Aideen
Category:The Tower of the Swallow characters,Almavera,Almavera
Category:The Tower of the Swallow characters,Amaranth,Amaranth
Category:The Tower of the Swallow characters,Ambassador de Ruyter,Ambassador
Category:The Tower of the Swallow characters,Andres Vierny,Andres
Category:The Tower of the Swallow characters,Angoulême,Angoulême
Category:The Tower of the Swallow characters,Anna Henrietta,Anna
Category:The Tower of the Swallow characters,Ardal aep Dahy,Ardal
Category:The Tower of the Swallow characters,Aristide Vermuellen,Aristide
Category:The Tower of the Swallow characters,Asa Thjazi,Asa
Category:The Tower of the Swallow characters,Asse,Asse
Category:The Tower of the Swallow characters,Assire var Anahid,Assire
Category:The Tower of the Swallow characters,Avallac'h,Avallac'h
Category:The Tower of the Swallow characters,Baron of Casadei,Baron
Category:The Tower of the Swallow characters,Benda,Benda
Category:The Tower of the Swallow characters,Bert Brigden,Bert
Category:The Tower of the Swallow characters,Big Lothar,Big
Category:The Tower of the Swallow characters,Billy Goat ,Billy
Category:The Tower of the Swallow characters,Blanka,Blanka
Category:The Tower of the Swallow characters,Boreas Mun,Boreas
Category:The Tower of the Swallow characters,Bran Tuirseach,Bran
Category:The Tower of the Swallow characters,Bucephalus,Bucephalus
Category:The Tower of the Swallow characters,Buyvid Backhuysen,Buyvid
Category:The Tower of the Swallow characters,Cahir Mawr Dyffryn aep Ceallach,Cahir
Category:The Tower of the Swallow characters,Calanthe,Calanthe
Category:The Tower of the Swallow characters,Caleb Stratton,Caleb
Category:The Tower of the Swallow characters,Carthia van Canten,Carthia
Category:The Tower of the Swallow characters,Ceallach aep Gruffyd,Ceallach
Category:The Tower of the Swallow characters,Chloe Stitz,Chloe
Category:The Tower of the Swallow characters,Ciri,Ciri
Category:The Tower of the Swallow characters,Cirilla Fiona ,Cirilla
Category:The Tower of the Swallow characters,Codringher,Codringher
Category:The Tower of the Swallow characters,Coën,Coën
Category:The Tower of the Swallow characters,Crach an Craite,Crach
Category:The Tower of the Swallow characters,Cregennan of Lod,Cregennan
Category:The Tower of the Swallow characters,Cyprian Fripp the elder,Cyprian
Category:The Tower of the Swallow characters,Cyprian Fripp the younger,Cyprian
Category:The Tower of the Swallow characters,D'Arvy,D'Arvy
Category:The Tower of the Swallow characters,Dacre Silifant,Dacre
Category:The Tower of the Swallow characters,Dandelion,Dandelion
Category:The Tower of the Swallow characters,Daniel Etcheverry,Daniel
Category:The Tower of the Swallow characters,Debora,Debora
Category:The Tower of the Swallow characters,Declan Ros aep Maelchlad,Declan
Category:The Tower of the Swallow characters,Dede Vargas,Dede
Category:The Tower of the Swallow characters,Demavend III,Demavend
Category:The Tower of the Swallow characters,Dominik Bombastus Houvenaghel,Dominik
Category:The Tower of the Swallow characters,Draakul,Draakul
Category:The Tower of the Swallow characters,Dufficey Kriel,Dufficey
Category:The Tower of the Swallow characters,Effenberg,Effenberg
Category:The Tower of the Swallow characters,Eist Tuirseach,Eist
Category:The Tower of the Swallow characters,Emhyr var Emreis,Emhyr
Category:The Tower of the Swallow characters,Emiel Regis Rohellec Terzieff-Godefroy,Emiel
Category:The Tower of the Swallow characters,Eredin Bréacc Glas,Eredin
Category:The Tower of the Swallow characters,Eskel,Eskel
Category:The Tower of the Swallow characters,Esterad Thyssen,Esterad
Category:The Tower of the Swallow characters,Esterhazy,Esterhazy
Category:The Tower of the Swallow characters,Esteril Thyssen,Esteril
Category:The Tower of the Swallow characters,Eurneid,Eurneid
Category:The Tower of the Swallow characters,Fabio Sachs,Fabio
Category:The Tower of the Swallow characters,Falka ,Falka
Category:The Tower of the Swallow characters,Fergus var Emreis,Fergus
Category:The Tower of the Swallow characters,Flourens Delannoy,Flourens
Category:The Tower of the Swallow characters,Fringilla Vigo,Fringilla
Category:The Tower of the Swallow characters,Fulko Artevelde,Fulko
Category:The Tower of the Swallow characters,Gabriel ,Gabriel
Category:The Tower of the Swallow characters,Gaudemunda Thyssen,Gaudemunda
Category:The Tower of the Swallow characters,Gedovius Troyden,Gedovius
Category:The Tower of the Swallow characters,Gemma,Gemma
Category:The Tower of the Swallow characters,Geoffrey Monck,Geoffrey
Category:The Tower of the Swallow characters,Geralt of Rivia,Geralt
Category:The Tower of the Swallow characters,Gerard Troyden,Gerard
Category:The Tower of the Swallow characters,Giselher,Giselher
Category:The Tower of the Swallow characters,Golan Drozdeck,Golan
Category:The Tower of the Swallow characters,Gosta,Gosta
Category:The Tower of the Swallow characters,Goulue,Goulue
Category:The Tower of the Swallow characters,Guiscard Vermuellen,Guiscard
Category:The Tower of the Swallow characters,Guthlaf,Guthlaf
Category:The Tower of the Swallow characters,Henselt,Henselt
Category:The Tower of the Swallow characters,Hjalmar an Craite,Hjalmar
Category:The Tower of the Swallow characters,Homer Straggen,Homer
Category:The Tower of the Swallow characters,Horsehide,Horsehide
Category:The Tower of the Swallow characters,Hotspurn,Hotspurn
Category:The Tower of the Swallow characters,Iola,Iola
Category:The Tower of the Swallow characters,Iola the Second,Iola
Category:The Tower of the Swallow characters,Iskra,Iskra
Category:The Tower of the Swallow characters,Ithlinne,Ithlinne
Category:The Tower of the Swallow characters,Jacob Fenn,Jacob
Category:The Tower of the Swallow characters,Jan Calveit,Jan
Category:The Tower of the Swallow characters,Jan Cronin,Jan
Category:The Tower of the Swallow characters,Jarre,Jarre
Category:The Tower of the Swallow characters,Jediah Mekesser,Jediah
Category:The Tower of the Swallow characters,Joachim de Wett,Joachim
Category:The Tower of the Swallow characters,Joanna Selborne,Joanna
Category:The Tower of the Swallow characters,Juan Gutierrez,Juan
Category:The Tower of the Swallow characters,Julia Abatemarco,Julia
Category:The Tower of the Swallow characters,Kabernik Turent,Kabernik
Category:The Tower of the Swallow characters,Kamil Ronstetter,Kamil
Category:The Tower of the Swallow characters,Katje,Katje
Category:The Tower of the Swallow characters,Kaveri,Kaveri
Category:The Tower of the Swallow characters,Kayleigh,Kayleigh
Category:The Tower of the Swallow characters,Kelpie ,Kelpie
Category:The Tower of the Swallow characters,Kohut,Kohut
Category:The Tower of the Swallow characters,Lady de Lisemore,Lady
Category:The Tower of the Swallow characters,Lambert,Lambert
Category:The Tower of the Swallow characters,Lara Dorren,Lara
Category:The Tower of the Swallow characters,Lebioda,Lebioda
Category:The Tower of the Swallow characters,Leo Bonhart,Leo
Category:The Tower of the Swallow characters,Lorenzo Molla,Lorenzo
Category:The Tower of the Swallow characters,Lydia van Bredevoort,Lydia
Category:The Tower of the Swallow characters,Mad Deï,Mad
Category:The Tower of the Swallow characters,Margarita Laux-Antille,Margarita
Category:The Tower of the Swallow characters,Marie de Mercey,Marie
Category:The Tower of the Swallow characters,Markus Braibant,Markus
Category:The Tower of the Swallow characters,Marquard,Marquard
Category:The Tower of the Swallow characters,Marquis de Mercey,Marquis
Category:The Tower of the Swallow characters,Matilda de Nementh-Uyvar,Matilda
Category:The Tower of the Swallow characters,Matted Hair,Matted
Category:The Tower of the Swallow characters,Mawr var Anahid,Mawr
Category:The Tower of the Swallow characters,Menno Coehoorn,Menno
Category:The Tower of the Swallow characters,Meve,Meve
Category:The Tower of the Swallow characters,Michael de Noailles,Michael
Category:The Tower of the Swallow characters,Milo Vanderbeck,Milo
Category:The Tower of the Swallow characters,Milton de Peyrac-Peyran,Milton
Category:The Tower of the Swallow characters,Milva,Milva
Category:The Tower of the Swallow characters,Mistle,Mistle
Category:The Tower of the Swallow characters,Muchomorek,Muchomorek
Category:The Tower of the Swallow characters,Myrrha,Myrrha
Category:The Tower of the Swallow characters,Nenneke,Nenneke
Category:The Tower of the Swallow characters,Neratin Ceka,Neratin
Category:The Tower of the Swallow characters,Novosad,Novosad
Category:The Tower of the Swallow characters,Nycklar,Nycklar
Category:The Tower of the Swallow characters,Ola Harsheim,Ola
Category:The Tower of the Swallow characters,Paulie Dahlberg,Paulie
Category:The Tower of the Swallow characters,Pennycuick,Pennycuick
Category:The Tower of the Swallow characters,Philippa Eilhart,Philippa
Category:The Tower of the Swallow characters,Prine,Prine
Category:The Tower of the Swallow characters,Radcliffe,Radcliffe
Category:The Tower of the Swallow characters,Radovid I,Radovid
Category:The Tower of the Swallow characters,Radovid III,Radovid
Category:The Tower of the Swallow characters,Radovid V,Radovid
Category:The Tower of the Swallow characters,Raymund,Raymund
Category:The Tower of the Swallow characters,Reef,Reef
Category:The Tower of the Swallow characters,Reynart de Bois-Fresnes,Reynart
Category:The Tower of the Swallow characters,Rhyd,Rhyd
Category:The Tower of the Swallow characters,Riannon,Riannon
Category:The Tower of the Swallow characters,Rience,Rience
Category:The Tower of the Swallow characters,Rispat La Pointe,Rispat
Category:The Tower of the Swallow characters,Roach,Roach
Category:The Tower of the Swallow characters,Roderick de Novembre,Roderick
Category:The Tower of the Swallow characters,Rupert ,Rupert
Category:The Tower of the Swallow characters,Scarra sisters,Scarra
Category:The Tower of the Swallow characters,Schirrú,Schirrú
Category:The Tower of the Swallow characters,Schliemann,Schliemann
Category:The Tower of the Swallow characters,Sheala de Tancarville,Sheala
Category:The Tower of the Swallow characters,Sigismund Dijkstra,Sigismund
Category:The Tower of the Swallow characters,Sigrdrifa,Sigrdrifa
Category:The Tower of the Swallow characters,Stavro,Stavro
Category:The Tower of the Swallow characters,Stigward,Stigward
Category:The Tower of the Swallow characters,Surcratasse,Surcratasse
Category:The Tower of the Swallow characters,Sven ,Sven
Category:The Tower of the Swallow characters,Talbot,Talbot
Category:The Tower of the Swallow characters,Tankred Thyssen,Tankred
Category:The Tower of the Swallow characters,Til Echrade,Til
Category:The Tower of the Swallow characters,Tissaia de Vries,Tissaia
Category:The Tower of the Swallow characters,Torres var Emreis,Torres
Category:The Tower of the Swallow characters,Triss Merigold,Triss
Category:The Tower of the Swallow characters,Troyden,Troyden
Category:The Tower of the Swallow characters,Valdez,Valdez
Category:The Tower of the Swallow characters,Vattier de Rideaux,Vattier
Category:The Tower of the Swallow characters,Vesemir,Vesemir
Category:The Tower of the Swallow characters,Vilgefortz,Vilgefortz
Category:The Tower of the Swallow characters,Vissegerd,Vissegerd
Category:The Tower of the Swallow characters,Vizimir II,Vizimir
Category:The Tower of the Swallow characters,Vysogota of Corvo,Vysogota
Category:The Tower of the Swallow characters,Walter Beda,Walter
Category:The Tower of the Swallow characters,Weasel,Weasel
Category:The Tower of the Swallow characters,Windsor Imbra,Windsor
Category:The Tower of the Swallow characters,Xarthisius,Xarthisius
Category:The Tower of the Swallow characters,Yarpen Zigrin,Yarpen
Category:The Tower of the Swallow characters,Yennefer of Vengerberg,Yennefer
Category:The Tower of the Swallow characters,Yirrel,Yirrel
Category:The Tower of the Swallow characters,Yuz Jannowitz,Yuz
Category:The Tower of the Swallow characters,Zdyb,Zdyb
Category:The Tower of the Swallow characters,Zuleyka,Zuleyka
Category:The Tower of the Swallow characters,Zyvik,Zyvik
Category:Time of Contempt characters,Abdank,Abdank
Category:Time of Contempt characters,Agnes of Glanville,Agnes
Category:Time of Contempt characters,Aine Dermott,Aine
Category:Time of Contempt characters,Akerspaark,Akerspaark
Category:Time of Contempt characters,Akerspaark's children,Akerspaark's
Category:Time of Contempt characters,Alia Akerspaark,Alia
Category:Time of Contempt characters,Aplegatt,Aplegatt
Category:Time of Contempt characters,April Wenhaver,April
Category:Time of Contempt characters,Ardal aep Dahy,Ardal
Category:Time of Contempt characters,Argentina Akerspaark,Argentina
Category:Time of Contempt characters,Artaud Terranova,Artaud
Category:Time of Contempt characters,Asse,Asse
Category:Time of Contempt characters,Audegast,Audegast
Category:Time of Contempt characters,Augusta Wagner,Augusta
Category:Time of Contempt characters,Aurora Henson,Aurora
Category:Time of Contempt characters,Bernie Hofmeier,Bernie
Category:Time of Contempt characters,Bianca d'Este,Bianca
Category:Time of Contempt characters,Blaise,Blaise
Category:Time of Contempt characters,Blue Knight,Blue
Category:Time of Contempt characters,Bode,Bode
Category:Time of Contempt characters,Bronibor,Bronibor
Category:Time of Contempt characters,Cahir Mawr Dyffryn aep Ceallach,Cahir
Category:Time of Contempt characters,Cairbre aep Diared,Cairbre
Category:Time of Contempt characters,Calanthe,Calanthe
Category:Time of Contempt characters,Carduin,Carduin
Category:Time of Contempt characters,Carla Demetia Crest,Carla
Category:Time of Contempt characters,Ceallach aep Gruffyd,Ceallach
Category:Time of Contempt characters,Cinia Hofmeier,Cinia
Category:Time of Contempt characters,Ciri,Ciri
Category:Time of Contempt characters,Cirilla Fiona ,Cirilla
Category:Time of Contempt characters,Clara aep Gwydolyn Gor,Clara
Category:Time of Contempt characters,Codringher,Codringher
Category:Time of Contempt characters,Coën,Coën
Category:Time of Contempt characters,Cregennan of Lod,Cregennan
Category:Time of Contempt characters,Dagorad,Dagorad
Category:Time of Contempt characters,Dandelion,Dandelion
Category:Time of Contempt characters,Demavend III,Demavend
Category:Time of Contempt characters,Dervla Tryffin Broinne,Dervla
Category:Time of Contempt characters,Detmold,Detmold
Category:Time of Contempt characters,Digod,Digod
Category:Time of Contempt characters,Dorregaray,Dorregaray
Category:Time of Contempt characters,Drithelm,Drithelm
Category:Time of Contempt characters,Effenberg,Effenberg
Category:Time of Contempt characters,Eist Tuirseach,Eist
Category:Time of Contempt characters,Eithné,Eithné
Category:Time of Contempt characters,Elan Trahe,Elan
Category:Time of Contempt characters,Elen of Kaedwen,Elen
Category:Time of Contempt characters,Emhyr var Emreis,Emhyr
Category:Time of Contempt characters,Eredin Bréacc Glas,Eredin
Category:Time of Contempt characters,Ervyll,Ervyll
Category:Time of Contempt characters,Eskel,Eskel
Category:Time of Contempt characters,Esterad Thyssen,Esterad
Category:Time of Contempt characters,Ethain,Ethain
Category:Time of Contempt characters,Ettariel,Ettariel
Category:Time of Contempt characters,Evan Helvet,Evan
Category:Time of Contempt characters,Fabio Sachs,Fabio
Category:Time of Contempt characters,Fabio Sachs ,Fabio
Category:Time of Contempt characters,Falka,Falka
Category:Time of Contempt characters,Falka ,Falka
Category:Time of Contempt characters,Fauve,Fauve
Category:Time of Contempt characters,Fercart,Fercart
Category:Time of Contempt characters,Filavandrel aén Fidháil,Filavandrel
Category:Time of Contempt characters,Fiona,Fiona
Category:Time of Contempt characters,Flavius Michelet,Flavius
Category:Time of Contempt characters,Flourens Delannoy,Flourens
Category:Time of Contempt characters,Foltest,Foltest
Category:Time of Contempt characters,Francesca Findabair,Francesca
Category:Time of Contempt characters,Franklin Hofmeier,Franklin
Category:Time of Contempt characters,Geoffrey Monck,Geoffrey
Category:Time of Contempt characters,Geralt of Rivia,Geralt
Category:Time of Contempt characters,Gerhart of Aelle,Gerhart
Category:Time of Contempt characters,Giambattista,Giambattista
Category:Time of Contempt characters,Giselher,Giselher
Category:Time of Contempt characters,Gonzalez Akerspaark,Gonzalez
Category:Time of Contempt characters,Gorazd,Gorazd
Category:Time of Contempt characters,Gorm Akerspaark,Gorm
Category:Time of Contempt characters,Hansom,Hansom
Category:Time of Contempt characters,Hedwig of Malleore,Hedwig
Category:Time of Contempt characters,Heimo Kantor,Heimo
Category:Time of Contempt characters,Henselt,Henselt
Category:Time of Contempt characters,Herbert Stammelford,Herbert
Category:Time of Contempt characters,Horm Akerspaark,Horm
Category:Time of Contempt characters,Hoët,Hoët
Category:Time of Contempt characters,Hrafnir,Hrafnir
Category:Time of Contempt characters,Hugo Ansbach,Hugo
Category:Time of Contempt characters,Ihuarraquax,Ihuarraquax
Category:Time of Contempt characters,Ilona Laux-Antille,Ilona
Category:Time of Contempt characters,Immanuel Benavent,Immanuel
Category:Time of Contempt characters,Iskra,Iskra
Category:Time of Contempt characters,Ithlinne,Ithlinne
Category:Time of Contempt characters,Ivo Richert,Ivo
Category:Time of Contempt characters,Jacob Fenn,Jacob
Category:Time of Contempt characters,Jada Glevissig,Jada
Category:Time of Contempt characters,Jan Bekker,Jan
Category:Time of Contempt characters,Jan Calveit,Jan
Category:Time of Contempt characters,Jarre,Jarre
Category:Time of Contempt characters,Joachim de Wett,Joachim
Category:Time of Contempt characters,Justin Ingvar,Justin
Category:Time of Contempt characters,Kayleigh,Kayleigh
Category:Time of Contempt characters,Keira Metz,Keira
Category:Time of Contempt characters,King of the Wild Hunt,King
Category:Time of Contempt characters,Klara Larissa de Winter,Klara
Category:Time of Contempt characters,Korin,Korin
Category:Time of Contempt characters,Kraska,Kraska
Category:Time of Contempt characters,Lambert,Lambert
Category:Time of Contempt characters,Lara Dorren,Lara
Category:Time of Contempt characters,Lars,Lars
Category:Time of Contempt characters,Leila,Leila
Category:Time of Contempt characters,Leticia Charbonneau,Leticia
Category:Time of Contempt characters,Little Yaxa,Little
Category:Time of Contempt characters,Lodovico Michelet,Lodovico
Category:Time of Contempt characters,Lutz,Lutz
Category:Time of Contempt characters,Lydia van Bredevoort,Lydia
Category:Time of Contempt characters,Malvina Akerspaark,Malvina
Category:Time of Contempt characters,Mansfeld,Mansfeld
Category:Time of Contempt characters,Marder,Marder
Category:Time of Contempt characters,Margarita Laux-Antille,Margarita
Category:Time of Contempt characters,Markus Braibant,Markus
Category:Time of Contempt characters,Marquard,Marquard
Category:Time of Contempt characters,Marti Södergren,Marti
Category:Time of Contempt characters,Menno Coehoorn,Menno
Category:Time of Contempt characters,Meve,Meve
Category:Time of Contempt characters,Michael Glomb,Michael
Category:Time of Contempt characters,Michelet brothers,Michelet
Category:Time of Contempt characters,Milan Raupenneck,Milan
Category:Time of Contempt characters,Millet,Millet
Category:Time of Contempt characters,Milva,Milva
Category:Time of Contempt characters,Mistle,Mistle
Category:Time of Contempt characters,Molnar Giancardi,Molnar
Category:Time of Contempt characters,Morvran Voorhis,Morvran
Category:Time of Contempt characters,Nazarian,Nazarian
Category:Time of Contempt characters,Nenneke,Nenneke
Category:Time of Contempt characters,Niedamir,Niedamir
Category:Time of Contempt characters,Nina Akerspaark,Nina
Category:Time of Contempt characters,Nina Fioravanti,Nina
Category:Time of Contempt characters,Nitert,Nitert
Category:Time of Contempt characters,Nora Wagner,Nora
Category:Time of Contempt characters,Orm Akerspaark,Orm
Category:Time of Contempt characters,Paulie Dahlberg,Paulie
Category:Time of Contempt characters,Paulina Akerspaark,Paulina
Category:Time of Contempt characters,Pavetta,Pavetta
Category:Time of Contempt characters,Pegasus,Pegasus
Category:Time of Contempt characters,Peter Evertsen,Peter
Category:Time of Contempt characters,Petunia Hofmeier,Petunia
Category:Time of Contempt characters,Philippa Eilhart,Philippa
Category:Time of Contempt characters,Pitcairn Godyvron,Pitcairn
Category:Time of Contempt characters,Radcliffe,Radcliffe
Category:Time of Contempt characters,Radmir,Radmir
Category:Time of Contempt characters,Raffard the White,Raffard
Category:Time of Contempt characters,Ralf Blunden,Ralf
Category:Time of Contempt characters,Ransant Alvaro,Ransant
Category:Time of Contempt characters,Rayla,Rayla
Category:Time of Contempt characters,Reef,Reef
Category:Time of Contempt characters,Rejean,Rejean
Category:Time of Contempt characters,Remiz,Remiz
Category:Time of Contempt characters,Rience,Rience
Category:Time of Contempt characters,Rizzi Michelet,Rizzi
Category:Time of Contempt characters,Roach,Roach
Category:Time of Contempt characters,Roderick de Novembre,Roderick
Category:Time of Contempt characters,Roegner of Ebbing,Roegner
Category:Time of Contempt characters,Rudiger,Rudiger
Category:Time of Contempt characters,Sabrina Glevissig,Sabrina
Category:Time of Contempt characters,Schirrú,Schirrú
Category:Time of Contempt characters,Sigismund Dijkstra,Sigismund
Category:Time of Contempt characters,Sir Sweers,Sir
Category:Time of Contempt characters,Skomlik,Skomlik
Category:Time of Contempt characters,Stahler,Stahler
Category:Time of Contempt characters,Stefan Skellen,Stefan
Category:Time of Contempt characters,Stella Congreve,Stella
Category:Time of Contempt characters,Talbot,Talbot
Category:Time of Contempt characters,Tangerinka Hofmeier,Tangerinka
Category:Time of Contempt characters,Tissaia de Vries,Tissaia
Category:Time of Contempt characters,Torm Akerspaark,Torm
Category:Time of Contempt characters,Toruviel,Toruviel
Category:Time of Contempt characters,Toublanc Michelet,Toublanc
Category:Time of Contempt characters,Triss Merigold,Triss
Category:Time of Contempt characters,Two Tusks,Two
Category:Time of Contempt characters,Valia Akerspaark,Valia
Category:Time of Contempt characters,Vattier de Rideaux,Vattier
Category:Time of Contempt characters,Venzlav,Venzlav
Category:Time of Contempt characters,Vercta,Vercta
Category:Time of Contempt characters,Vesemir,Vesemir
Category:Time of Contempt characters,Vilgefortz,Vilgefortz
Category:Time of Contempt characters,Villis,Villis
Category:Time of Contempt characters,Vissegerd,Vissegerd
Category:Time of Contempt characters,Vizimir II,Vizimir
Category:Time of Contempt characters,Voymir ,Voymir
Category:Time of Contempt characters,Wilfli,Wilfli
Category:Time of Contempt characters,Willemer,Willemer
Category:Time of Contempt characters,Xarthisius,Xarthisius
Category:Time of Contempt characters,Yaevinn,Yaevinn
Category:Time of Contempt characters,Yanna of Murivel,Yanna
Category:Time of Contempt characters,Yarpen Zigrin,Yarpen
Category:Time of Contempt characters,Yennefer of Vengerberg,Yennefer
Category:Time of Contempt characters,Yiolenta Suarez,Yiolenta
Category:Time of Contempt characters,Zyvik,Zyvik
